age,age,age,age,bmi,bmi,systolic_bp,systolic_bp
mean,std,min,max,mean,std,mean,median
80.89727911953531,13.424559694533711,44.0,100.0,25.791324772940808,5.218123471274843,121.28971962616822,121.0
80.86278137526982,13.531054347070198,43.0,100.0,25.73306096794469,5.291093926650592,113.88399874253379,114.0
80.57638466220328,13.677658208885122,44.0,100.0,25.667179165359272,5.506321965560765,117.38591549295775,117.0
