age,bmi,systolic_bp,patient_id
81.21329639889197,25.875182735816217,117.35428370786516,2956
80.44402985074628,25.70668085106383,117.13067458633857,2453
80.75098619329388,25.789583333333333,117.97835933568193,2073
80.75558564658091,25.565682137834038,117.94366197183099,1501
80.41507537688442,25.47650158061117,117.50308008213553,1017
